Gene,Score,Bucket
SEC61A1,74.108,9
CREBBP,73.75,4
KRAS,71.296,4
HDAC1,69.528,1
HMGCS1,68.226,8
MAT2A,68.053,4
MET,67.692,1
ANAPC10,67.23,10
CCND1,67.192,7
IRF4,66.125,9
TPX2,65.742,4
CCND2,65.594,7
NUP85,65.417,10
MYCN,65.058,9
ERBB2,64.688,1
PPP2CA,64.332,4
PFDN5,63.968,9
SOX10,63.938,9
WRN,63.773,4
EGFR,63.605,1
EIF4A1,63.341,5
ALDOA,63.055,4
TBCD,62.633,6
UBE2C,62.464,5
LONP1,62.459,5
RAE1,62.159,4
SEH1L,61.832,10
NUDC,61.366,10
SNRNP25,61.147,5
TYMS,60.867,1
TUBGCP6,60.552,5
ATP5A1,60,4
TUBB4B,59.888,1
PIK3CA,59.776,1
EIF4G1,59.77,4
DNM2,59.596,5
CTNNB1,59.469,4
TBCB,59.329,9
CDH1,59,4
KLF4,58.833,9
TRIM37,58.783,9
MCL1,58.632,3
CEBPA,58.5,9
EXOSC9,58.396,5
CCNE1,58.347,4
STAG1,58.327,9
ESR1,58.25,1
RPP25L,58.228,10
POU2AF1,58,9
CDC37,57.926,5
TIMM17A,57.779,10
GRB2,57.742,4
FLI1,57.654,9
MDM4,57.589,4
NCAPD2,57.519,9
ATP6V1G1,57.441,5
MAF,57.375,9
MYB,57.375,9
NRAS,57.222,4
NUP93,57.131,9
MYBL2,57.086,9
FGFR2,57.056,1
SLC16A1,56.941,4
FERMT2,56.746,4
ENO1,56.708,4
POP1,56.676,5
RBBP8,56.652,9
STX4,56.614,4
LEMD2,56.598,10
ATP5D,56.569,10
EXOSC2,56.5,10
HJURP,56.305,9
SMARCB1,56.294,9
PCYT1A,56.293,6
SOCS3,56.281,9
SF3B1,56.239,4
IGF1R,55.979,2
PPIL4,55.921,10
JUP,55.917,5
PRPS1,55.917,5
HNRNPH1,55.787,10
NKX2-1,55.75,9
AKT1,55.719,2
CTR9,55.719,10
FPGS,55.701,7
CLTC,55.619,4
CDC26,55.546,10
TIMM13,55.514,10
SPDEF,55.5,9
SBDS,55.269,9
SH3GL1,55.188,9
POLRMT,55.186,6
HAUS5,55.131,10
SHC1,55.063,5
TAF1,55.059,4
SREBF1,54.944,9
NXT1,54.922,9
FNTA,54.917,4
GGPS1,54.914,4
FOXA1,54.875,9
TPR,54.702,10
GTF2F1,54.692,10
CDK6,54.647,1
PRMT5,54.641,4
NONO,54.625,9
LTV1,54.591,10
TBP,54.474,9
ASCL1,54.458,9
RRS1,54.437,9
ALG1,54.384,9
EWSR1,54.347,4
ELAC2,54.323,10
TRA2B,54.149,9
DIEXF,54.147,10
UBE2L3,54.122,5
MYC,54.078,4
SMAD7,53.972,5
HYPK,53.947,9
SARS2,53.724,9
TAF10,53.704,10
SLC35B1,53.581,9
CHCHD4,53.576,10
JUN,53.515,7
BMS1,53.509,9
PFAS,53.484,5
SHOC2,53.267,10
VRK1,53.224,4
CEP192,53.224,10
LRR1,53.209,8
PCF11,53.196,10
TRAF6,53.167,5
FAU,53.139,9
WDR26,53.05,10
ADSL,53,4
BSG,53,2
CASC3,53,4
CDH11,53,5
FGFR1,53,1
ISL1,53,9
PDGFRA,53,1
RAD54L2,53,10
TSC1,53,5
UBE2Z,53,9
ZFP36L1,53,9
NPAT,52.984,9
GEMIN4,52.947,5
CRKL,52.942,5
NFE2L2,52.913,5
ASPM,52.875,9
GOSR2,52.843,10
CMPK1,52.77,5
TIMELESS,52.745,9
PMPCA,52.729,5
CENPE,52.692,4
RPL28,52.673,5
GATA3,52.636,9
NOL7,52.619,10
SOX2,52.602,9
RPF1,52.592,10
PPA1,52.561,5
ITGB5,52.478,5
TCEB2,52.467,4
SDHC,52.447,9
FBXW7,52.438,6
PARVB,52.438,6
SAR1A,52.417,5
SMG6,52.34,6
STX18,52.292,10
ATR,52.172,3
EXOSC5,52.149,10
ERBB3,52.079,1
POLR3E,52.07,9
GMPS,52.056,4
NDUFA6,52.027,1
DCTN3,51.971,10
CHD4,51.93,9
POU5F1B,51.906,10
WSB2,51.906,10
SLC7A6OS,51.863,10
DNAJC11,51.849,5
CCNA2,51.822,4
IKBKG,51.813,7
VPS4A,51.807,5
ISG15,51.75,4
UBE2J2,51.75,10
HARS,51.722,4
UBE2M,51.657,5
FDFT1,51.542,4
LCE2A,51.514,8
SMARCA4,51.51,4
NCL,51.393,5
WDR36,51.329,10
CHMP7,51.328,10
WBP11,51.282,10
ATP5F1,51.262,5
SEC23B,51.25,9
TBX3,51.25,6
TCF3,51.25,9
AKIRIN2,51.231,9
CLSPN,51.222,9
USP37,51.094,9
NGDN,51.067,9
METAP2,51.045,4
SAMM50,51.039,5
SLC25A3,50.952,5
LSG1,50.914,10
FEN1,50.894,4
TTC7A,50.875,6
CRK,50.813,5
DDX39A,50.813,9
FZD5,50.813,3
ASNA1,50.768,5
TAF12,50.757,10
XRCC5,50.681,5
WDR25,50.653,9
BYSL,50.65,10
MTG2,50.648,10
UBAP1,50.644,4
TAF1A,50.636,10
SMARCA2,50.614,4
RHEB,50.61,4
ITGAV,50.598,5
POMP,50.589,9
NUMA1,50.527,4
KIF4A,50.519,5
PTBP1,50.474,5
KEAP1,50.426,1
XPR1,50.426,4
SYF2,50.396,10
NLE1,50.322,9
IRS2,50.284,8
CXorf56,50.25,10
ETS2,50.25,5
FH,50.25,5
NDUFA2,50.25,1
PAF1,50.25,10
SPINT2,50.25,5
PGM3,50.237,9
CIAPIN1,50.145,5
AARS,50.13,4
DLST,50.104,5
GUK1,50.084,9
FZR1,50.083,9
LSS,50.083,4
MIEN1,50.083,5
NCDN,50.083,10
PPM1D,50.083,7
SPINT1,50.083,4
ZNF407,50.079,9
CFLAR,49.986,5
KIF20A,49.977,9
EMC7,49.92,6
TEX10,49.872,9
GNL2,49.863,9
BRD2,49.846,3
DBF4,49.792,4
UBE2S,49.727,10
THOC1,49.694,5
ATP6AP1,49.621,5
MED21,49.595,9
PITRM1,49.577,4
MED17,49.54,10
RPL22L1,49.521,10
MTX2,49.5,10
ARMC7,49.434,8
MMS22L,49.417,10
MRPL41,49.417,4
CLNS1A,49.36,5
EBNA1BP2,49.351,9
ELP6,49.301,10
ZNF830,49.261,10
UBE2T,49.25,4
TAF1B,49.235,5
SKP2,49.188,4
SKIV2L,49.111,9
IMPDH2,49.076,1
MCRS1,49.075,10
RPAIN,49.07,9
ARIH1,49.046,5
HSPD1,49.024,5
RGP1,48.924,5
PRIM1,48.911,4
CPOX,48.882,4
PABPC1,48.86,4
SART1,48.841,9
EDF1,48.833,5
NAMPT,48.81,4
EXOSC8,48.795,10
TPRKB,48.764,5
CDS2,48.722,9
AATF,48.635,9
DDX24,48.626,10
JUNB,48.625,9
PSMD10,48.625,10
FAM32A,48.593,10
ATXN10,48.553,5
SRPRB,48.516,10
AHCYL1,48.455,5
EXOSC6,48.365,10
ARF1,48.352,4
DNM1L,48.274,4
PRKRA,48.26,9
CHAF1A,48.227,9
CDK2,48.202,2
DDX27,48.199,10
TADA2B,48.178,10
RBBP4,48.177,4
DCTN2,48.168,5
LRP8,48.139,5
UBE2G2,48.139,10
E2F3,48.11,9
ARID1B,48.063,5
SKA3,48.063,9
USP7,48,6
GLRX3,47.967,5
CDK4,47.958,1
NUP153,47.956,8
AP2M1,47.93,5
CCDC84,47.894,10
UTP18,47.853,9
UQCRC1,47.824,10
CHMP4B,47.811,5
PPIL1,47.797,5
ATP6V1F,47.79,5
FOXF1,47.75,9
NDUFA8,47.75,1
SKA1,47.716,9
ISG20L2,47.702,9
FIS1,47.653,9
VPS37A,47.647,10
CIAO1,47.558,9
SUZ12,47.558,4
ID2,47.432,9
SSBP1,47.397,5
CRLS1,47.363,10
CNOT3,47.344,9
GATA6,47.333,9
RAD51B,47.333,9
SMG5,47.317,9
CSTF2,47.313,10
GPX4,47.279,5
ARGLU1,47.278,10
DHFR,47.239,1
UMPS,47.222,4
MED9,47.214,10
AHCY,47.188,4
ATF6,47.167,9
CUL4A,47.167,5
IRS1,47.167,4
MEF2C,47.167,9
PPME1,47.167,7
TRERF1,47.167,9
USP18,47.167,9
DDOST,47.093,5
HMGCR,47.063,1
INTS1,47.04,9
PLK4,47.036,3
C10orf2,47.013,4
COQ4,47.009,9
SMC1A,46.997,9
MRPS26,46.969,10
NDRG3,46.969,5
TPI1,46.924,4
MPI,46.885,5
SYS1,46.884,10
KIFC1,46.875,7
DGCR14,46.862,9
FBXW11,46.834,9
IRF8,46.833,9
ICT1,46.791,4
UBE2D3,46.768,4
ARID1A,46.75,9
MAFG,46.75,9
GEMIN5,46.692,10
TINF2,46.688,9
NOL12,46.675,10
CDK12,46.67,2
SKP1,46.652,4
CEPT1,46.647,9
NOL11,46.614,10
WWTR1,46.571,9
PYROXD1,46.514,9
MTHFD1,46.514,4
C16orf59,46.5,10
TRAF2,46.446,5
TFAP2C,46.438,9
USP14,46.438,4
PNKP,46.422,9
MARS2,46.418,10
VPS4B,46.4,5
TRIP13,46.361,9
TUFM,46.354,5
PARS2,46.333,9
SLC38A2,46.328,4
NOTCH2NL,46.324,4
NRBP1,46.298,8
SOD1,46.27,4
MOCS3,46.261,8
PPP2R3C,46.23,9
IKBKAP,46.188,9
NUP98,46.157,4
BUD13,46.151,10
RRP15,46.138,10
DPF2,46.105,10
SLC4A7,46.051,5
SAE1,46.045,4
SYNCRIP,46.026,9
AGR2,46,4
GRHL2,46,10
IPO5,46,10
KIDINS220,46,6
SDHAF1,46,10
SPPL3,46,5
THAP3,46,10
SRRM1,45.974,6
USP8,45.958,4
DDX19A,45.917,10
YTHDC1,45.906,5
MYH9,45.897,5
ELL2,45.875,9
KPNA2,45.875,4
METTL17,45.875,10
NSRP1,45.875,10
PMM2,45.875,4
PRPF4B,45.875,4
GPS1,45.861,10
GRWD1,45.836,9
TOMM22,45.751,9
RTCB,45.75,10
EIF3E,45.73,5
ELP3,45.708,10
KBTBD2,45.708,10
YPEL5,45.708,5
TGS1,45.691,4
JTB,45.645,5
UAP1,45.645,4
RNF4,45.639,4
TOE1,45.625,9
ATG9A,45.618,9
NCAPH2,45.6,5
GPI,45.596,4
TCF7L2,45.596,7
CSNK2B,45.581,4
CCDC174,45.575,10
CCDC59,45.565,10
ATIC,45.563,4
DLD,45.53,4
GLTSCR2,45.507,10
FBXO7,45.5,9
PARD3,45.5,4
MRPS30,45.422,4
CENPA,45.395,9
NDE1,45.391,10
POM121C,45.36,10
HDAC2,45.344,1
CD46,45.328,4
WDR82,45.327,9
DDX52,45.239,10
SUPT4H1,45.239,4
DDI2,45.222,9
PFDN6,45.213,9
BCL2L1,45.211,2
SLC7A1,45.196,5
YRDC,45.168,6
MTOR,45.161,2
NPM1,45.161,7
RFWD2,45.146,10
DYNLRB1,45.141,6
GET4,45.104,10
USP1,45.059,7
CTNNBL1,45.042,9
CCNF,45,9
SETD2,45,4
SLC25A40,45,10
PTAR1,44.979,8
AHCTF1,44.969,5
MMS19,44.961,9
SLC7A5,44.959,5
XRN2,44.956,9
YKT6,44.955,5
PSTK,44.941,9
TSEN34,44.903,10
RPN1,44.898,5
ZBTB17,44.862,4
PPP2R1A,44.851,4
PAXBP1,44.839,10
APC,44.819,4
KLF5,44.813,9
MED25,44.797,9
AMD1,44.781,4
ELP4,44.756,10
SENP6,44.639,9
NDUFA3,44.611,1
NDUFV1,44.593,1
NELFE,44.568,5
MCM10,44.566,10
FAM96B,44.564,10
GLE1,44.529,5
MUC20,44.529,4
ZCCHC9,44.526,9
SMARCE1,44.451,10
ALDOC,44.417,5
AMBRA1,44.417,9
CCDC12,44.417,9
DNAJC19,44.417,10
VPS39,44.417,10
BRAF,44.412,1
THAP1,44.404,10
COG8,44.396,10
WDR1,44.384,5
IRF2BP2,44.375,10
LYRM4,44.346,10
CAPZA2,44.25,5
GCLC,44.25,9
IK,44.25,5
LIG1,44.25,9
MRPS34,44.25,10
NDUFA13,44.25,1
PARD6B,44.25,5
PEA15,44.25,9
PTPN1,44.25,4
RNASEH2A,44.25,5
RNF31,44.25,4
RTEL1,44.25,10
SEC31A,44.25,9
SOX11,44.25,9
SRM,44.25,4
WDR73,44.25,10
ZNFX1,44.25,10
ATMIN,44.234,10
CCNC,44.228,4
RHOA,44.208,4
DYNLL1,44.148,5
AURKA,44.121,2
OGT,44.11,4
ECT2,44.097,9
PFDN1,44.08,9
KCTD10,44.056,10
GART,44.026,1
HSPA5,43.974,4
NUP88,43.952,10
MRPL17,43.938,4
TUBE1,43.938,8
HYOU1,43.923,5
IPO7,43.922,9
GATC,43.917,10
HMGA1,43.907,9
PSMG1,43.906,9
CCNB1,43.9,4
CDC42,43.894,4
EMC2,43.886,9
LENG1,43.886,10
LENG8,43.844,9
PPP1R12A,43.835,9
GTF2A1,43.74,7
CAPZB,43.728,5
ACTR5,43.688,10
COG5,43.688,10
EIF4A2,43.688,9
RMI2,43.688,4
ZW10,43.688,9
FIP1L1,43.687,9
NOC2L,43.685,10
NOL6,43.65,9
ATP1A1,43.643,1
TFDP1,43.618,9
MED16,43.577,10
LIN52,43.55,10
CNOT1,43.537,4
DARS2,43.519,9
ZNHIT1,43.5,10
CHORDC1,43.496,9
PRCC,43.476,10
YAP1,43.469,4
NDUFS7,43.444,1
SPRTN,43.421,10
RBM28,43.392,10
STX5,43.386,9
TAF7,43.37,9
TRAPPC1,43.365,5
MRPL50,43.331,4
ALG2,43.331,6
ATP6V1C1,43.331,5
BRCA2,43.315,9
GTF3C5,43.313,10
ZMAT5,43.295,10
ACTR1A,43.285,5
ELP5,43.278,10
G6PD,43.278,4
ORAOV1,43.274,9
ISY1,43.272,10
CHRFAM7A,43.25,2
NME6,43.25,9
PCDHA8,43.25,5
PINX1,43.25,10
COPG1,43.248,10
SMARCA5,43.226,9
ITPK1,43.221,5
BIRC2,43.207,4
CCND3,43.188,5
PTPMT1,43.156,8
TAF6L,43.156,5
DAP3,43.149,9
MECOM,43.125,9
LSM12,43.12,10
TMEM41B,43.091,6
TAF6,43.061,10
PRRC2A,43.044,5
PMPCB,43.025,8
LPAR1,43,4
STAT3,43,4
RAC1,42.994,4
CCZ1B,42.958,10
CD2BP2,42.958,9
NAF1,42.958,9
CENPO,42.867,10
TRAPPC5,42.866,10
ZBTB8OS,42.849,5
PRPF39,42.846,10
RB1CC1,42.846,9
ZNHIT6,42.846,5
MRTO4,42.839,10
LMNB1,42.792,9
SAMD4B,42.792,10
GGTLC2,42.766,5
MRPL45,42.75,10
CHMP6,42.738,5
HSPA8,42.728,4
ACTG1,42.707,5
UBR4,42.695,5
TAF1C,42.692,10
BCS1L,42.688,9
USP5,42.684,4
NOP10,42.654,10
NDUFC2,42.648,1
RAD1,42.64,4
VPS18,42.634,9
AIFM1,42.625,4
RBM19,42.616,10
EXOSC4,42.576,6
LAS1L,42.533,10
RAF1,42.529,1
PDPK1,42.525,2
C9orf78,42.51,10
NSMCE4A,42.504,10
B3GNT2,42.5,5
GNA13,42.5,4
HNF1A,42.5,9
MRPL21,42.5,4
NFE2L1,42.5,10
TFAP2B,42.5,9
TP63,42.5,4
XRCC2,42.5,9
LIN7C,42.472,4
TADA2A,42.472,9
NUP62,42.461,9
DCLRE1B,42.46,4
NCAPG2,42.448,9
URB1,42.432,10
HK2,42.427,4
CDIPT,42.426,6
CXXC1,42.422,10
RAD21,42.41,4
GTF3C1,42.39,10
DHX35,42.388,10
SCD,42.382,4
DNLZ,42.363,10
ATP5O,42.329,5
EIF5A,42.321,5
CSNK1A1,42.32,4
DOLK,42.295,10
FASTKD5,42.295,10
MBTD1,42.295,9
GMNN,42.248,4
EXOC8,42.2,5
SBNO1,42.198,9
NOM1,42.194,10
CD3EAP,42.186,10
MRPS25,42.184,10
GINS4,42.155,6
PRKAR1A,42.15,4
LDB1,42.141,9
NMNAT1,42.139,4
IREB2,42.138,9
YARS2,42.132,4
UQCRC2,42.122,5
DPAGT1,42.105,9
PPP4C,42.094,5
ARHGAP11B,42.083,10
CCDC86,42.083,10
PAK1IP1,42.071,9
ABCD1,42.063,9
ATRN,42.063,4
MRPL49,42.063,4
PI4KB,42.063,4
TUBD1,42.063,8
RFC2,41.996,9
PIK3CB,41.981,2
MBNL1,41.972,9
HSP90AB1,41.947,4
TIPRL,41.938,10
ATP1B3,41.934,4
KIAA1429,41.905,10
SHQ1,41.905,10
TAMM41,41.808,10
SNF8,41.755,5
BCAR3,41.75,4
DIAPH3,41.75,9
UBIAD1,41.745,10
TRNT1,41.738,4
WDR77,41.735,4
NHP2,41.729,10
INO80,41.696,5
ACTB,41.695,5
DONSON,41.663,9
GMPPB,41.631,5
PGD,41.596,4
CDK7,41.594,2
C18orf21,41.592,10
GEMIN7,41.585,9
TFRC,41.583,4
TGIF1,41.583,10
RAPGEF1,41.558,10
TM9SF2,41.558,5
AHNAK,41.5,5
BCL11B,41.5,9
BRI3BP,41.5,9
C14orf80,41.5,10
CCDC102A,41.5,10
COX6A1,41.5,10
FAM185A,41.5,10
FCHO2,41.5,6
GEN1,41.5,5
PPCDC,41.5,9
ZBTB2,41.5,10
ZFAND5,41.5,9
ZFC3H1,41.5,5
TERF1,41.491,6
PELO,41.474,10
SMC6,41.474,9
USP10,41.398,9
WDR83,41.393,10
ERCC2,41.34,9
ADIPOR2,41.333,4
ASB3,41.333,10
CD151,41.333,5
CDX2,41.333,9
COX11,41.333,9
ETNK1,41.333,5
FLVCR1,41.333,5
PARVA,41.333,4
PPM1G,41.333,6
UBE2J1,41.333,9
SNRNP35,41.316,10
ACO2,41.282,9
MAGOH,41.271,4
KMT2D,41.125,4
UROS,41.125,10
ASUN,41.12,9
IER3IP1,41.1,10
SRSF6,41.084,9
DHX30,41.083,10
MAP3K7,41.068,4
TEAD1,41.042,4
PSMG4,41.034,10
SYT15,41.027,6
CWF19L2,41.014,10
VPS36,41.014,5
CBFB,41,7
FANCA,41,9
MEF2D,41,9
PRDM1,41,9
SCAP,41,9
SRPK1,41,3
CEP350,40.985,9
MYRF,40.969,9
NGLY1,40.969,4
PGK1,40.958,4
ILF3,40.955,9
RNASEK,40.917,6
LAMTOR2,40.819,5
DSTN,40.814,5
TARS2,40.8,9
LMNA,40.796,5
CCDC130,40.78,10
SLC31A1,40.771,5
CD44,40.75,4
PDCL,40.75,10
PHOX2A,40.75,9
SEC23IP,40.75,10
TRIB1,40.75,10
ZNF511,40.75,10
MSTO1,40.719,10
SURF6,40.68,10
MATR3,40.67,10
KIF18A,40.644,5
MED12,40.643,10
ARID4B,40.625,10
ADSS,40.618,5
CTU2,40.572,10
TRAPPC2L,40.566,10
PKN2,40.556,4
TIMM23,40.543,9
MRPL28,40.534,4
MED22,40.512,10
CEBPZ,40.51,10
UBE2F,40.5,10
UNC50,40.5,10
MRE11A,40.496,4
SNUPN,40.481,4
INTS12,40.474,10
KLF16,40.471,9
SUCLG1,40.438,5
NFYA,40.425,9
TRUB2,40.422,10
RPS19BP1,40.411,10
EEF1G,40.392,5
ISCA1,40.391,9
PTPN11,40.385,4
CFL1,40.362,4
BCAR1,40.361,9
KIF14,40.333,9
TBC1D10B,40.273,5
UBE2K,40.273,4
PPAN,40.233,9
PTMA,40.226,5
CAD,40.215,4
MFN2,40.213,9
ACOX1,40.212,5
STRIP1,40.212,5
VOPP1,40.212,9
SNRNP48,40.204,10
GTF2H3,40.18,10
WDR18,40.174,10
E4F1,40.167,9
MPHOSPH6,40.154,10
C1orf109,40.145,10
TLK2,40.125,7
MRPL39,40.108,4
MRPL44,40.065,4
TMED10,40.064,5
CPSF1,40.038,9
WRB,40.016,10
FNTB,40.007,4
SRP68,40.004,10
TMEM242,39.961,6
MRPS23,39.956,10
BAZ1B,39.888,9
ATP13A1,39.875,8
CMAS,39.875,9
CUL4B,39.875,5
DPM3,39.875,9
ECSIT,39.875,9
ELMO2,39.875,6
ENSA,39.875,10
G3BP1,39.875,6
IBA57,39.875,10
JAK1,39.875,1
KATNB1,39.875,5
SDHA,39.875,9
TSR3,39.875,9
WDR24,39.875,10
ZBTB38,39.875,5
SUDS3,39.845,10
WDHD1,39.807,9
UBE2V1,39.803,5
MRPL9,39.786,4
GFM1,39.75,9
MBTPS1,39.742,7
SPAG5,39.713,9
ING3,39.613,9
PYURF,39.607,10
PMF1,39.603,9
EEFSEC,39.583,10
ARHGAP11A,39.572,6
INTS6,39.562,10
OTUD5,39.477,4
ADAR,39.472,4
VHL,39.461,4
DIMT1,39.438,5
IL9R,39.438,5
ZNHIT2,39.435,10
PAX8,39.409,9
UBAP2L,39.389,9
FASN,39.38,1
FBXO11,39.328,9
ANKRD65,39.313,10
ELK1,39.313,9
GFM2,39.313,10
SNIP1,39.313,10
TMEM165,39.313,10
SEPHS2,39.306,10
KNTC1,39.292,5
YIPF5,39.292,10
ID1,39.25,9
SEC62,39.25,9
TAF3,39.25,10
SPRR1B,39.231,5
NELFCD,39.23,10
TRIAP1,39.223,4
ARPC4,39.213,5
RIMBP3B,39.202,10
SNAPIN,39.197,6
CCNH,39.18,7
HNRNPA2B1,39.156,4
CENPT,39.146,10
TSC2,39.125,6
ZNHIT3,39.121,10
PFDN4,39.094,9
CELSR2,39.086,6
SEC61B,39.086,10
ARF6,39.08,4
POU2F1,39.069,9
SPCS3,39.044,10
LCE5A,39.024,8
MCAT,39,4
PCGF1,39,10
SLC35A1,39,5
SOX17,39,9
SNAP23,38.981,5
COASY,38.979,5
EIF4G2,38.954,4
TXNL4B,38.946,4
ATP6V0E1,38.941,6
HSCB,38.928,9
TPT1,38.91,5
MRPS24,38.903,10
ARF4,38.9,5
SMS,38.885,4
HCCS,38.875,6
CEP85,38.833,10
TTC19,38.808,10
TANGO6,38.788,6
HS6ST1,38.781,5
RFWD3,38.781,9
IPO13,38.773,6
IMMT,38.766,10
DDX28,38.724,9
TAF5,38.717,9
SASS6,38.701,10
TXN,38.695,4
UTP6,38.695,10
RAD51C,38.654,9
MCM4,38.653,9
NAA15,38.627,10
CHTF8,38.625,5
BCL2,38.614,1
FDX1L,38.61,4
BPTF,38.599,4
AP2B1,38.583,4
CCDC93,38.583,10
DMXL1,38.583,10
FAM204A,38.583,9
FBXL5,38.583,4
MGEA5,38.583,7
MZF1,38.583,10
PLEKHG4,38.583,9
ZBTB12,38.583,10
CDC25B,38.58,4
DEXI,38.566,10
DHX33,38.554,10
MTIF2,38.543,9
RRP9,38.529,10
CAB39,38.477,4
RCL1,38.471,9
MAX,38.456,9
PNN,38.454,5
COPS3,38.426,9
APEX2,38.417,9
CHMP1B,38.417,5
KLF3,38.417,9
MRPL14,38.417,4
PDHB,38.417,5
RAB3GAP2,38.417,5
RELA,38.417,4
THOC6,38.417,10
ZNF131,38.414,10
FERMT1,38.375,6
DDX20,38.332,9
DSN1,38.323,5
WDR7,38.319,10
GIGYF2,38.318,9
GOLT1B,38.318,9
RALBP1,38.318,4
MRPL16,38.276,4
IPO11,38.256,10
CCNT1,38.25,4
PAK2,38.25,5
PLEKHM1,38.234,9
MRPS11,38.222,10
MRGPRX3,38.219,6
XPO1,38.185,4
DMAP1,38.174,9
CPD,38.125,5
SPICE1,38.125,9
ALAS1,38.083,10
FANCD2,38.083,9
PTPN7,38.083,4
REXO2,38.083,9
SREBF2,38.083,9
EMC4,38.074,6
NOP14,38.064,9
SLC25A38,38.056,10
MRPS12,38.047,10
METTL16,38.016,4
ARHGAP21,38,5
CTAGE5,38,10
MED10,38,10
RAD51D,38,9
RNF25,38,9
MED26,37.971,10
NDUFAF3,37.931,1
HGS,37.913,4
ATP5B,37.88,5
CYCS,37.879,4
MPHOSPH8,37.856,5
TIMM9,37.835,10
POLE3,37.833,9
SEPSECS,37.818,4
PDE12,37.803,4
BUD31,37.8,4
GPKOW,37.786,10
KDSR,37.776,5
CHCHD2,37.75,9
DDX1,37.725,9
EIF1AD,37.704,10
ANAPC15,37.688,10
ESCO2,37.688,9
FNDC3B,37.688,6
METTL3,37.688,9
PICALM,37.688,6
ARFRP1,37.673,9
CCP110,37.672,9
PPP1R8,37.656,4
MDM2,37.634,3
C14orf2,37.611,10
FAF2,37.611,5
FAM45A,37.611,10
RDM1,37.611,10
CIT,37.606,7
DNMT1,37.582,1
MRPL53,37.542,4
RPP21,37.541,10
FGFR1OP2,37.519,9
FTSJ2,37.519,6
METAP1,37.5,4
OSGEP,37.479,5
DDX41,37.467,10
RINT1,37.445,10
KDM8,37.444,4
MTG1,37.444,10
PEX13,37.444,10
TDGF1,37.444,4
ADRM1,37.375,4
ZNF622,37.375,10
NELFB,37.364,9
ATP5J2,37.25,5
FANCC,37.25,9
HSD17B4,37.25,4
PPP1CC,37.25,4
FAM50A,37.216,9
RNF168,37.194,10
CDAN1,37.189,5
CRCP,37.182,6
NFYB,37.174,9
WDR48,37.173,4
CINP,37.169,10
PTCD3,37.167,5
ABT1,37.162,10
ZWINT,37.161,9
URI1,37.149,10
CDK5RAP3,37.141,10
GTSE1,37.141,9
RBBP7,37.141,4
YME1L1,37.141,9
ARHGAP19,37.125,10
ATRX,37.125,9
CCDC107,37.125,6
DDX17,37.125,10
LTF,37.125,4
POM121,37.125,10
SCAF1,37.125,10
SNX13,37.125,10
SGOL1,37.104,9
DDX39B,37.084,4
EEF1B2,37.071,9
NDUFB3,37.067,1
NVL,37.064,10
HIGD2A,37.051,10
TSR1,37.05,10
FAM60A,37.044,9
TBCA,37.044,5
SRSF11,37.015,9
HAUS6,37,10
NOL9,36.973,10
FLCN,36.958,5
TFG,36.958,5
TIMM8A,36.958,9
WARS2,36.958,5
UROD,36.957,4
MRPS35,36.937,10
PDCD6IP,36.904,4
KCMF1,36.885,5
KRTAP12-4,36.868,10
EIF3M,36.856,9
PPP6R3,36.846,5
SETD1A,36.829,10
TP53RK,36.825,10
PTPN23,36.776,5
CHKA,36.75,4
MKI67,36.75,9
SOD2,36.741,5
TRMT10C,36.693,9
RBM39,36.685,4
NELFA,36.671,10
RBBP5,36.662,9
PPP1CA,36.65,4
CYC1,36.641,9
MRPL35,36.641,4
AGPAT1,36.625,9
ASF1A,36.625,9
KIF2C,36.625,7
MEN1,36.625,3
MIS18A,36.625,10
NDUFB7,36.625,1
GID8,36.594,10
LARP7,36.594,9
UBE2A,36.594,9
MVD,36.572,5
BTF3L4,36.5,10
PTEN,36.5,4
RPL26L1,36.48,5
FAM72D,36.472,10
TRIP12,36.472,10
VDAC1,36.443,4
THRAP3,36.421,5
FURIN,36.382,4
MAPK1,36.375,2
NFYC,36.375,10
PLRG1,36.362,10
TBCC,36.338,9
TUBA3D,36.333,7
SIN3A,36.314,9
PNO1,36.295,10
VMP1,36.276,4
PPP1R10,36.254,9
C9orf172,36.25,10
CFDP1,36.25,9
DDX55,36.229,10
RIF1,36.229,5
TYRO3,36.229,4
EED,36.2,4
BOLA3,36.173,10
KRTAP21-1,36.161,10
MRPS6,36.156,10
CDH2,36.139,5
BCLAF1,36.135,10
SMC5,36.117,9
HDAC3,36.109,1
MT1E,36.099,9
ZC3H3,36.083,10
RQCD1,36.065,4
GNB1L,36.047,9
PCNT,36.047,9
CTPS1,36.045,9
CNTN1,36.031,5
PI4KA,36.031,4
NDUFS2,36.031,1
IRF2,36,9
DHX38,35.954,10
KAT5,35.949,4
SNAPC2,35.945,9
CHMP3,35.902,5
DDX5,35.896,5
TIMM44,35.865,4
TRMT5,35.864,10
EP300,35.864,3
RPIA,35.864,9
SNAPC4,35.863,9
HMGN5,35.838,10
STARD7,35.824,9
DNAJA3,35.822,6
GTF3C3,35.813,10
MRPL20,35.782,4
RBMX2,35.774,10
XRN1,35.762,5
ORC5,35.755,9
SEC11A,35.75,5
TMEM30A,35.75,5
TRIM8,35.75,10
MRPL55,35.731,10
DCP2,35.73,9
ANKFY1,35.667,5
C12orf10,35.667,5
GJC1,35.667,5
HYAL4,35.667,6
LGI1,35.667,4
MCCD1,35.667,10
RAB2A,35.667,5
RAD9B,35.667,10
TRIM61,35.667,10
USP46,35.667,10
UTP3,35.667,10
SLC2A1,35.653,4
NOB1,35.597,9
NXF2,35.588,10
EXOC5,35.542,10
TMEM167A,35.534,10
ACAD9,35.5,10
ANKHD1,35.5,10
BAK1,35.5,4
BAMBI,35.5,5
BRD7,35.5,7
CENPP,35.5,10
DUSP4,35.5,8
FAHD2B,35.5,10
HSPA14,35.5,9
KDELR2,35.5,5
MPDU1,35.5,5
MRPL12,35.5,10
NABP2,35.5,9
NDUFAF4,35.5,1
NDUFB2,35.5,1
NPEPPS,35.5,5
OCM2,35.5,10
OXSM,35.5,4
PHC1,35.5,10
PIK3CD,35.5,1
PPP1R35,35.5,10
PPP2R5E,35.5,10
PTGES3,35.5,5
RBM27,35.5,9
ROCK1,35.5,2
SCO2,35.5,5
SDHAF2,35.5,9
SLMAP,35.5,5
SPTLC2,35.5,9
TFAP2A,35.5,9
TXNDC9,35.5,8
VPS41,35.5,10
CCDC115,35.491,9
HTATSF1,35.487,10
SYVN1,35.464,9
NCKAP5L,35.442,10
IDH3A,35.396,9
SCGB1C1,35.371,6
DCTN6,35.361,10
AKR1B15,35.351,8
C15orf41,35.349,10
CMIP,35.333,10
STT3A,35.329,10
ATP6V1H,35.298,5
DEFB125,35.25,4
FAM35A,35.25,10
POTEI,35.25,5
RNF11,35.25,5
RPL39L,35.25,10
STK3,35.25,4
INTS7,35.217,10
RNF20,35.205,9
GTF3A,35.202,9
PGGT1B,35.199,7
KRR1,35.192,5
TBL3,35.18,9
LDLR,35.167,4
MBD2,35.167,9
MED24,35.167,10
PAX5,35.167,6
PIAS4,35.167,9
PIM2,35.167,3
RBM5,35.167,4
WDR92,35.167,5
ZMAT2,35.167,10
UBA2,35.154,4
ST3GAL6,35.136,5
UGP2,35.136,4
SRP14,35.107,5
EDC4,35.103,9
UTP14A,35.057,9
WDR3,35.042,10
TDP2,35.026,4
ATP2B1,35.014,5
TSEN54,34.97,9
EXOG,34.938,8
NEK2,34.938,4
STAM,34.938,9
SMC2,34.937,5
C19orf53,34.909,10
PIM1,34.875,3
SOS1,34.875,4
DHPS,34.783,4
TVP23C,34.771,6
NUPL2,34.769,9
ACIN1,34.759,5
BTBD7,34.75,9
MVK,34.733,5
CASC5,34.724,9
LEMD3,34.705,10
SGOL2,34.705,10
DEFB103A,34.694,5
OGDH,34.681,9
NDUFS1,34.679,1
NASP,34.675,9
THG1L,34.673,4
WDR74,34.654,10
MRPL34,34.653,4
PSMG3,34.643,10
ZRSR2,34.636,9
NDOR1,34.631,8
EZH2,34.625,4
NUBP2,34.606,10
LETM1,34.58,9
MNAT1,34.579,7
RBM18,34.563,10
FECH,34.538,4
ATP5C1,34.535,5
CYB5R4,34.528,8
PTDSS1,34.519,10
CENPQ,34.5,10
CKS2,34.5,4
LARP4,34.5,9
LCE3D,34.5,8
MAD2L2,34.465,9
DPM2,34.438,9
HNF1B,34.438,9
RASA2,34.438,8
SLC5A3,34.438,5
XRCC3,34.438,9
ZBTB7A,34.438,9
ZEB2,34.438,9
ANKRD52,34.406,10
CMC1,34.391,10
C3orf17,34.386,10
DHX36,34.358,5
ORC1,34.314,5
FDXR,34.301,9
SURF4,34.269,5
RARS,34.256,4
AURKAIP1,34.25,10
FDX1,34.25,4
HBS1L,34.25,5
TOMM7,34.25,10
TRRAP,34.24,8
RAD50,34.208,9
SIGLEC11,34.188,6
PDCD11,34.165,9
RILP,34.154,9
RNF103-CHMP3,34.113,5
FOSL1,34.112,8
TUBGCP5,34.056,10
NDUFA4,34.053,1
LRRC37A3,34.042,6
PDCD5,34.042,5
RANBP2,34.022,4
MRPL15,34,4
RING1,34,10
SCAF11,34,10
RRP12,33.989,9
PRDX3,33.978,5
KRTAP5-8,33.957,10
NDUFA10,33.956,1
URM1,33.918,5
KRBOX4,33.909,10
PIGC,33.909,9
RTTN,33.909,9
TAF8,33.875,10
TFB1M,33.875,10
NHLRC2,33.867,5
RPP14,33.86,10
TAZ,33.841,6
SPCS2,33.822,10
PNPT1,33.794,4
TRIM28,33.794,6
SPATA5L1,33.762,10
BCL2L12,33.75,10
FAIM,33.75,9
HTRA2,33.75,4
LANCL3,33.75,8
STK40,33.75,10
TAF4B,33.75,10
CMC2,33.722,9
RNMT,33.722,4
DHODH,33.708,1
DNAJC9,33.708,4
SUPT3H,33.708,10
TTC37,33.708,10
VBP1,33.708,10
YES1,33.708,1
ORC2,33.671,9
EAPP,33.667,10
MRPL47,33.639,4
ANKMY2,33.625,10
FAM136A,33.598,10
EIF3J,33.582,10
HUWE1,33.578,5
MRPS21,33.572,10
RRP1,33.565,9
POP4,33.557,9
FANCI,33.53,9
MYBBP1A,33.487,10
SLX4,33.481,10
UBE2N,33.474,4
GAK,33.432,4
MRPL4,33.406,4
CHERP,33.396,9
MRPS2,33.389,10
ANAPC11,33.388,9
NAA20,33.355,9
ATP2C1,33.344,8
DDX59,33.344,10
PKM,33.344,4
ABI1,33.313,5
ACTR3C,33.313,5
ARL8B,33.313,5
IQCB1,33.313,5
KCNJ9,33.313,5
MTCH2,33.313,5
NUFIP2,33.313,10
POU5F1,33.313,9
XAGE3,33.313,10
MAPRE1,33.3,6
DDX6,33.277,4
ACSL3,33.26,9
UFC1,33.26,5
FBXO42,33.244,10
OIP5,33.229,10
TELO2,33.188,6
MED18,33.165,10
MAP1LC3B,33.074,5
BORA,33.073,10
KRTAP9-6,33.069,10
RRP7A,33.059,10
CS,33.045,5
MCTS1,33.044,5
ALG14,33.034,10
GEMIN8,33.011,10
KIF22,33,6
LEO1,33,10
PRRC2C,33,9
UVRAG,33,9
BRD4,32.994,3
STRAP,32.992,10
LSM10,32.979,10
SOX9,32.979,9
NCAPH,32.976,9
NOL8,32.963,10
TARDBP,32.958,9
STRADB,32.926,10
DPH3,32.919,9
TM2D1,32.875,6
CHD8,32.865,10
NUP50,32.853,9
PPP1R7,32.853,5
PTK2,32.833,3
ERGIC2,32.808,9
TIMM22,32.77,9
CCNL1,32.753,9
ACAT2,32.75,5
ATM,32.75,7
CCDC144A,32.75,10
DDTL,32.75,5
FBXL3,32.75,10
GON4L,32.75,10
KLB,32.75,4
MRPL33,32.75,4
MRPS15,32.75,9
PABPC1L2B,32.75,5
PCBD1,32.75,5
RCOR1,32.75,4
SCARB2,32.75,4
SP3,32.75,9
ST13,32.75,5
XRCC4,32.75,4
ZNF443,32.75,9
LSM11,32.749,10
IST1,32.737,5
UBE2NL,32.737,5
AP1G1,32.716,10
NUP35,32.716,5
UBA3,32.689,4
ARID2,32.682,5
YAE1D1,32.643,10
GTF3C2,32.627,10
RAD17,32.627,9
PPP1R11,32.626,10
MTO1,32.625,10
COX5A,32.607,5
NOP2,32.595,9
CACYBP,32.583,4
CD300C,32.583,4
CDCA3,32.583,10
COCH,32.583,4
CTAG1A,32.583,4
LGALS9C,32.583,10
LPCAT3,32.583,9
MBD3,32.583,10
MPPE1,32.583,9
MRPS7,32.583,9
NDUFC1,32.583,1
RIPK3,32.583,6
SLC12A7,32.583,5
YJEFN3,32.583,10
ZDHHC11,32.583,6
RAB10,32.582,4
QRSL1,32.529,10
RABGGTA,32.529,5
NDUFB9,32.526,1
NOC4L,32.502,10
TTI1,32.486,10
ATP5L,32.481,5
HAUS2,32.476,10
PA2G4,32.457,5
POLR2M,32.449,7
GEMIN6,32.419,9
EEF1E1,32.417,4
PEX5,32.417,4
ZNF285,32.412,10
PDRG1,32.405,10
RBMXL1,32.388,10
ATP6V0B,32.382,10
FNBP4,32.353,10
MRPL43,32.338,4
SRC,32.318,1
EXOC3,32.3,10
ABCF1,32.25,10
ACLY,32.25,4
CTBP1,32.25,4
CYB5B,32.25,9
DOCK5,32.25,4
HAND2,32.25,9
NFKBIA,32.25,5
PPARG,32.25,1
SCLY,32.25,4
SIVA1,32.25,9
STAMBP,32.25,5
TGFBR2,32.25,4
TIPARP,32.25,8
TRAF7,32.25,5
UGCG,32.25,1
PNISR,32.244,9
BDP1,32.232,9
EXOC1,32.163,5
VTI1B,32.154,5
HIRA,32.082,5
CRCT1,32.079,10
ATP5G1,32.076,10
KANSL3,32.058,10
RPTOR,32.004,9
MAGED4,32,9
RHBDF1,32,9
NUP43,31.993,10
WDR46,31.946,9
ENY2,31.928,10
MED29,31.92,10
MED23,31.913,9
NSMCE1,31.907,10
ATF4,31.893,4
CTU1,31.876,9
PPP1R15B,31.876,4
GTF2H1,31.818,9
HSD17B12,31.813,8
Mar-05,31.801,10
RNPC3,31.794,10
FARS2,31.75,9
MCMDC2,31.75,10
XPOT,31.744,10
EMC3,31.735,6
NDUFB4,31.735,1
PDCD2,31.735,5
NDUFS8,31.727,1
DOLPP1,31.688,10
FANCE,31.688,9
PAK1,31.688,4
CEP55,31.682,5
PPP2R4,31.676,4
TAF1D,31.672,10
URB2,31.659,9
MRPS16,31.64,10
C12orf45,31.635,10
EPC1,31.611,10
SMG7,31.571,9
RABL2A,31.567,10
DDX3X,31.527,5
WTAP,31.51,10
ILF2,31.493,5
CUL3,31.484,5
TTC4,31.455,10
INTS8,31.451,10
NSUN4,31.382,4
CITED2,31.375,9
PDE4DIP,31.375,9
TM9SF3,31.375,6
NDC1,31.364,5
HSBP1,31.355,10
VEZF1,31.323,10
NDUFAF2,31.315,1
RPP30,31.291,10
MSMO1,31.278,5
PGS1,31.278,10
STAG2,31.278,4
UBE2Q1,31.278,10
EHMT2,31.214,4
THOC7,31.214,10
LAMTOR3,31.206,5
CNOT4,31.156,10
DAXX,31.156,4
PMVK,31.156,4
ADRBK1,31.125,4
ARHGEF12,31.125,5
EGLN1,31.125,4
KRTAP19-7,31.125,10
MST1,31.125,5
RLIM,31.125,10
ZNF320,31.125,10
GFER,31.094,6
FADD,31.083,5
DCTN5,31.064,10
SNAPC5,31.057,10
CDCA5,31.033,9
INTS5,31.033,10
ELP2,31.011,10
DERL1,31,9
GNB1,31,4
MRPL27,31,4
ORC4,31,9
UTP23,31,10
GFPT1,30.984,4
FBL,30.92,4
COX7C,30.89,10
BUB1,30.854,6
PPP3CB,30.846,8
C7orf55-LUC7L2,30.833,10
MAP2K4,30.833,5
NFS1,30.828,10
ATAD1,30.792,6
COX6B1,30.792,10
E2F1,30.792,9
TIAL1,30.792,5
ZNF217,30.792,4
EFR3A,30.771,4
PDAP1,30.745,5
GADD45GIP1,30.727,4
OSTC,30.721,6
LARP1,30.706,9
LRPPRC,30.659,9
DCTN4,30.641,10
ARL4A,30.639,5
GJA1,30.639,5
HAP1,30.639,9
NR2C2AP,30.609,5
ZBTB11,30.609,10
SLC39A7,30.603,10
HSP90AA1,30.583,4
AKTIP,30.578,4
SPATA5,30.539,9
DDX42,30.534,10
MED1,30.525,4
NMT1,30.52,4
CNOT11,30.5,10
NDUFS3,30.5,1
SUPT7L,30.5,9
USP36,30.486,9
NDUFAF7,30.472,5
ZCCHC7,30.472,10
LCMT1,30.427,4
ACTR3,30.419,5
GLRX5,30.385,4
PPP2R2A,30.383,10
UBA5,30.383,6
RHOQ,30.372,4
POP7,30.372,10
TTK,30.317,3
MIS12,30.316,9
FAM103A1,30.31,10
IPPK,30.306,9
FKBP1A,30.254,1
AKR1D1,30.25,4
C7orf34,30.25,4
EXTL2,30.25,5
KAT6A,30.25,3
TSPAN31,30.25,5
WDR59,30.25,10
TTF1,30.231,5
USP9X,30.191,7
NDUFA11,30.132,1
VARS2,30.129,8
ALG10B,30.096,6
CTAG1B,30.069,4
ALG9,30.063,10
FANCF,30.063,9
PHF23,30.063,10
SC5D,30.063,9
C12orf75,30.061,10
PRR13,30.049,10
NOSIP,30.047,10
GTF2H4,30.043,9
ATP6AP2,30.038,4
PRKAG1,30.031,4
PSMG2,30.02,10
ARHGEF7,30,8
DDX11,30,5
UFL1,29.992,10
TRMT6,29.981,10
TRNAU1AP,29.981,10
SLC33A1,29.967,5
NCAPD3,29.951,10
PGAM1,29.942,4
TOR1AIP2,29.932,4
STXBP3,29.929,4
MCMBP,29.927,5
BAP1,29.908,9
BZW1,29.875,9
CDC25A,29.875,7
IFITM3,29.864,5
RUNX2,29.864,9
MRGBP,29.848,10
DOHH,29.825,4
FBLIM1,29.813,10
TACC3,29.805,9
MTPAP,29.72,6
COX4I1,29.698,5
EIF3L,29.676,10
TMEM199,29.676,9
AADAT,29.667,4
ADCK2,29.667,6
ANAPC13,29.667,9
BIVM,29.667,5
CADM4,29.667,5
CD86,29.667,5
CETN2,29.667,6
COIL,29.667,9
DTWD1,29.667,10
GABARAP,29.667,4
GYPB,29.667,5
HSPE1-MOB4,29.667,10
ITSN2,29.667,5
RCHY1,29.667,9
SRRM2,29.667,9
NDUFA9,29.657,1
NOP9,29.649,10
GNL3L,29.645,10
FAM210A,29.558,6
ITGB1,29.558,2
TFAM,29.534,4
IPO9,29.5,10
TAGLN2,29.5,5
TAX1BP3,29.5,4
KIF18B,29.487,9
C19orf52,29.466,10
FOXK1,29.466,10
OBFC1,29.443,9
ASNS,29.442,9
COG3,29.432,10
HUS1,29.422,4
RPE,29.401,4
BNIP1,29.384,9
VPS53,29.381,9
SRP9,29.342,5
HNF4A,29.333,4
HSD17B10,29.333,4
KLF6,29.333,9
MAP3K2,29.333,7
MTA2,29.333,9
PDCD10,29.333,4
PITPNB,29.333,5
PPA2,29.333,5
SPNS1,29.333,10
VPS16,29.333,4
SRP72,29.308,9
COG1,29.298,10
DNAJC17,29.282,10
BRAT1,29.267,10
CARM1,29.25,4
DR1,29.238,10
SUGP1,29.228,10
EXTL3,29.227,9
SRSF10,29.212,10
CCDC51,29.188,6
UBE3D,29.188,10
PTMS,29.187,10
RBM10,29.162,8
NDUFB1,29.156,1
ZNF492,29.156,9
SKA2,29.153,9
SUMO2,29.149,9
POT1,29.109,9
FLII,29.1,10
GLRX,29.083,4
SMAD4,29.063,5
ACSL4,29.026,5
SMG1,29.023,7
MRPS22,29.016,10
GTF2F2,29.014,6
RICTOR,29.004,9
MIOS,29,10
LAMTOR4,28.969,10
RRAGC,28.969,4
TGFBRAP1,28.969,10
ZNF335,28.958,9
ARF3,28.938,5
CENPJ,28.938,4
ENAH,28.938,4
HYDIN,28.938,6
KHSRP,28.938,9
PUM2,28.938,9
SPANXN4,28.938,10
MAEA,28.925,4
AARS2,28.899,9
COQ3,28.885,9
NIPBL,28.875,5
DGCR8,28.854,9
FANCL,28.827,4
ATL2,28.826,9
GGTLC1,28.809,5
GINS3,28.801,10
NACA,28.792,5
FAR2,28.769,9
B4GALT7,28.75,4
CCDC6,28.75,9
CHUK,28.75,7
CNPY2,28.75,5
CWF19L1,28.75,10
EXT1,28.75,9
ITPA,28.75,4
MARK2,28.75,4
OAZ1,28.75,9
RIC8A,28.75,6
RSU1,28.75,5
TRMT61A,28.75,10
USE1,28.75,10
GABPB1,28.733,10
IFNA1,28.694,5
PQBP1,28.685,9
SFSWAP,28.67,9
XCL1,28.625,5
INTS3,28.622,10
TFB2M,28.615,10
STK11,28.604,4
WNK1,28.604,9
ZMYND8,28.604,9
RPAP2,28.599,9
SNX6,28.592,10
MRPL38,28.538,4
KMT2A,28.5,4
LIN28B,28.5,9
OTUD4,28.5,9
PRDX1,28.5,4
TBC1D20,28.5,6
UQCRFS1,28.5,10
SCYL1,28.458,9
COX6C,28.429,9
FOXM1,28.422,9
LDHA,28.338,4
TTI2,28.328,10
HIGD1A,28.321,9
NDUFB8,28.313,1
MAD2L1BP,28.298,10
PRKRIP1,28.293,5
ATXN7L3,28.273,10
GGNBP2,28.273,9
NCKAP1,28.273,4
NUP188,28.273,9
ZNF574,28.264,10
SDHB,28.23,5
RBL1,28.208,9
TMSB15A,28.208,9
TPTE2,28.208,9
INTS10,28.167,10
POC1A,28.167,10
ZFX,28.167,10
CMTR1,28.152,4
BCAP31,28.083,4
ROMO1,28.083,10
CPSF6,28.061,10
XPO5,28.05,6
GLUL,28.042,4
MT1A,28.042,9
ALDH9A1,28,5
SYCP1,28,9
CHMP5,27.99,5
ZC3H8,27.989,9
RTN4IP1,27.956,4
ELOF1,27.955,10
PIK3R4,27.942,6
NSMCE2,27.926,9
HSP90B1,27.907,4
C12orf49,27.875,4
DCAF15,27.875,10
DPCD,27.875,10
DYNC1LI1,27.875,5
EXT2,27.875,5
MAD1L1,27.875,9
MRPS18B,27.875,10
NFKBIE,27.875,9
PSIP1,27.875,4
RAB1B,27.875,4
RHOC,27.875,4
SEL1L,27.875,9
SLC20A1,27.875,5
TAPT1,27.875,6
TBC1D31,27.875,10
TGFBR1,27.875,4
MRPL37,27.829,4
TAF13,27.817,4
CCAR1,27.798,9
RAB1A,27.778,4
COG4,27.75,10
HEATR3,27.75,10
FXN,27.745,9
PELP1,27.734,9
MRPL23,27.724,4
NT5C3A,27.722,5
RGS13,27.722,8
DDA1,27.719,10
FUBP1,27.713,10
MRPL46,27.667,4
UBE2H,27.658,5
TFAP4,27.645,10
TMEM258,27.632,6
HMGB3,27.625,9
ZNF730,27.625,10
CLASRP,27.624,10
GPATCH1,27.618,10
MRPL10,27.607,4
CENPL,27.583,10
HSPA13,27.583,5
MIB1,27.583,6
HNRNPD,27.538,5
LCE2C,27.534,8
ALG5,27.51,9
ALG13,27.465,10
CSK,27.438,4
COX5B,27.422,5
BRPF1,27.389,4
OCIAD1,27.375,9
YEATS4,27.375,10
ILK,27.366,4
C7orf26,27.356,10
CTC1,27.314,10
REV3L,27.313,8
RRAGA,27.312,10
MRPL11,27.304,4
BTAF1,27.292,9
NRBF2,27.265,9
ATP5H,27.202,5
MRPS18A,27.202,4
CEP290,27.199,5
RAB6A,27.19,4
ISCA2,27.184,9
NDUFB10,27.157,1
PPP1R2,27.151,9
GTPBP8,27.146,10
NFATC2IP,27.146,9
SMARCD1,27.146,9
TEN1,27.146,10
MORF4L1,27.114,5
CSNK2A1,27.103,2
TEFM,27.103,9
MRPS10,27.088,10
RAB18,27.065,4
EIF3CL,27.027,10
CHTF18,27,10
EMC1,27,6
GNB2,27,5
MIPEP,27,10
NFRKB,27,9
PDS5B,27,4
PIK3R1,27,2
PPCS,27,5
RBM12,27,5
RSAD1,27,10
SLC25A28,27,9
VPS13D,27,5
ADAT3,26.964,10
MLST8,26.961,4
SSB,26.916,6
ATP6V1D,26.901,5
RMI1,26.881,4
TAF5L,26.875,10
METTL14,26.841,10
WDR55,26.825,9
TXNRD1,26.814,1
NDUFAB1,26.807,1
KIAA0100,26.781,4
ZCCHC6,26.781,10
SEC16A,26.76,10
ABHD17A,26.75,4
AK3,26.75,9
ANGPTL3,26.75,4
ATF2,26.75,9
C9orf85,26.75,10
CCNYL1,26.75,8
CHMP2B,26.75,5
CRIPT,26.75,10
DEFB128,26.75,4
DSEL,26.75,6
HNRNPA3,26.75,10
LYPLA1,26.75,5
MRPS9,26.75,10
NEK3,26.75,7
NUDCD3,26.75,9
PLA2G4B,26.75,5
PRKAR2A,26.75,4
PRR7,26.75,6
PSAT1,26.75,5
PSPC1,26.75,10
PXN,26.75,4
SCARF1,26.75,5
SPANXN3,26.75,9
TMEM123,26.75,5
UGT1A5,26.75,9
WFDC13,26.75,4
ZNF37A,26.75,9
ZNF83,26.75,9
AK4,26.737,4
COG7,26.724,10
RARS2,26.7,8
ATP5J,26.699,10
ATRIP,26.692,9
MAU2,26.682,10
NFU1,26.682,10
MRPL36,26.639,4
NAA30,26.625,10
MED19,26.611,10
RBM42,26.605,10
EIF2B1,26.599,5
PPAT,26.599,1
TOMM20,26.595,4
ANLN,26.588,9
CKAP2,26.583,9
CUL2,26.574,9
EIF3K,26.574,5
VEZT,26.529,6
C16orf72,26.517,10
NDUFS5,26.517,1
ASCC3,26.508,10
THAP11,26.508,5
PDSS1,26.462,9
PIK3C3,26.455,4
LAGE3,26.453,10
ARPC2,26.445,5
AP2A1,26.417,5
C1orf43,26.417,6
CCDC22,26.417,10
COA6,26.417,8
DUSP1,26.417,8
EXOC6,26.417,5
GRSF1,26.417,9
KCNQ5,26.417,1
METTL5,26.417,10
MSL1,26.417,10
MYO1G,26.417,4
POLG2,26.417,4
QRICH1,26.417,10
REV1,26.417,4
RFK,26.417,4
SETDB1,26.417,4
SP1,26.417,9
SRF,26.417,9
TMEM251,26.417,6
TSSC1,26.417,10
UNC45A,26.417,10
VMA21,26.417,10
YEATS2,26.417,10
NOLC1,26.355,9
TCOF1,26.331,9
NUDT4,26.318,9
TTF2,26.318,10
SLC3A2,26.284,5
TMEM183A,26.279,6
ACTR8,26.278,10
WBP1,26.258,10
VPS52,26.25,9
ARPC3,26.225,5
ULBP2,26.219,5
UBA6,26.192,9
CAND1,26.142,5
KIAA1524,26.125,9
MPRIP,26.125,10
RAB7A,26.125,4
RBM33,26.052,10
CLEC18B,26,6
COG6,26,9
EIF4ENIF1,26,10
MRPL19,26,4
SUPT20H,26,9
TIMMDC1,26,10
UFSP2,26,10
ZNF638,26,10
MIS18BP1,25.957,10
TRPM7,25.942,5
MRPS33,25.939,10
PDS5A,25.906,5
MRPL32,25.856,4
OSBP,25.819,9
ARMC5,25.783,10
INO80B,25.769,5
FCGR1B,25.766,4
LIMS3,25.76,10
MTRR,25.75,8
AUP1,25.688,5
BRMS1,25.688,9
CHCHD1,25.688,10
CNEP1R1,25.688,10
DCPS,25.688,4
EZR,25.688,4
KIAA1109,25.688,6
OTUB1,25.688,5
PCM1,25.688,9
SEC63,25.688,10
SETD5,25.688,10
SMCHD1,25.688,8
TP53BP2,25.688,9
XPNPEP3,25.688,5
ZC3H10,25.688,10
SLIRP,25.612,10
CBX3,25.559,9
HAPLN2,25.559,6
CHD1,25.519,9
HSF1,25.519,7
ACACA,25.48,5
MCPH1,25.461,9
AVPR1A,25.444,1
JMJD6,25.444,4
MRPL52,25.444,4
RAD9A,25.421,4
WASF2,25.375,5
SLC25A26,25.342,10
DROSHA,25.331,5
ARL1,25.323,4
F11R,25.25,4
GLMN,25.25,9
NOA1,25.25,10
SLC39A10,25.25,6
EP400,25.176,9
GTF2H2C,25.134,10
RPUSD4,25.128,10
KDM2A,25.107,4
MRPL22,25.091,4
MRPL51,25.091,4
POLQ,25.091,4
UFM1,25.091,5
DNAJA1,25.083,5
DICER1,25.063,5
BANP,25.048,9
KDM5C,25.044,4
COX17,25.036,9
SAFB,25.022,9
VPS54,25.022,9
BUB1B,24.958,9
COA3,24.958,10
DPH1,24.958,10
ERAL1,24.958,10
LIN37,24.958,10
PTTG1,24.934,9
MRPS14,24.927,10
PIP5K1A,24.9,5
CAPRIN1,24.882,5
DNAJB11,24.846,7
COQ2,24.832,10
MRPS27,24.826,10
C17orf89,24.813,10
VPS72,24.813,10
ESF1,24.806,5
TNPO1,24.796,4
GPN3,24.77,10
CHTOP,24.75,10
MPV17L2,24.75,6
RAP1B,24.75,4
TNS3,24.75,9
TSC22D2,24.715,9
ZNF593,24.715,10
MRPS28,24.693,10
NDUFAF1,24.693,1
SLC25A5,24.69,5
RANBP1,24.686,4
MRPS5,24.682,10
UQCRH,24.682,9
VPS45,24.667,9
ZNF236,24.634,10
AASDHPPT,24.629,5
PAICS,24.622,4
HOXD13,24.594,9
NAA35,24.594,9
ARMC10,24.578,10
GAB1,24.529,9
CDCA8,24.477,4
ARMCX6,24.472,6
ATAD5,24.472,9
C19orf25,24.472,10
N6AMT1,24.472,10
YTHDF2,24.472,4
SKAP2,24.421,5
CEP44,24.375,10
F8A3,24.341,9
DHRSX,24.295,4
NBAS,24.295,10
ST3GAL1,24.295,5
TMEM230,24.295,6
UXS1,24.295,4
YWHAZ,24.257,4
GTF2IRD2B,24.253,10
NUFIP1,24.253,10
TMEM126B,24.25,10
TUBG2,24.243,8
C2orf76,24.229,10
FCGR1A,24.2,4
KAT2A,24.2,3
EIF4H,24.191,7
C1orf131,24.182,10
BMPR1A,24.173,5
TRAIP,24.173,9
LAMTOR1,24.125,5
TADA3,24.125,9
NGRN,24.083,4
DIS3,24.03,10
RSPH10B2,24.015,10
PWP1,23.986,10
CAMLG,23.938,6
HEXIM1,23.898,6
RPRD1B,23.898,10
CSDE1,23.88,5
VCL,23.88,4
ZZZ3,23.88,10
EXOC2,23.872,5
POTEJ,23.833,5
NUP107,23.822,9
YWHAE,23.724,4
MED8,23.705,10
CPSF4,23.699,4
NF1,23.667,4
PRKACA,23.667,3
ZNF382,23.667,10
STIL,23.637,10
AHR,23.5,7
ARHGEF35,23.5,10
ATAD2,23.5,4
BARD1,23.5,6
BLM,23.5,4
C11orf85,23.5,10
C1QBP,23.5,5
CLTA,23.5,5
CMTR2,23.5,10
CNTNAP3B,23.5,6
COG2,23.5,10
DIDO1,23.5,10
DPH6,23.5,10
DSG2,23.5,4
ELAVL1,23.5,9
ERCC4,23.5,6
FOXA2,23.5,9
GNA12,23.5,5
GPR61,23.5,6
GPR89B,23.5,9
IL1R1,23.5,4
IPMK,23.5,10
KIF15,23.5,9
L3MBTL3,23.5,4
MAGOHB,23.5,9
MANF,23.5,4
MAP2K7,23.5,4
MESDC2,23.5,9
MTRF1L,23.5,10
NEK1,23.5,4
PEX6,23.5,10
PGRMC2,23.5,6
POLE4,23.5,9
PRDM10,23.5,10
PRKAG2,23.5,5
PRKCI,23.5,2
RAB35,23.5,4
RBM15,23.5,9
RMND1,23.5,9
SCNM1,23.5,9
SCO1,23.5,5
SLC25A46,23.5,10
SPTSSA,23.5,10
SREK1,23.5,10
TADA1,23.5,9
TAF4,23.5,9
TBRG4,23.5,9
TECR,23.5,10
TKT,23.5,4
TLK1,23.5,7
TM2D2,23.5,6
TRIM73,23.5,10
UBC,23.5,4
UBE4B,23.5,10
USB1,23.5,5
VWA9,23.5,10
XYLT2,23.5,9
ZC3H4,23.5,10
HAUS8,23.369,10
WAC,23.278,10
CHCHD3,23.213,5
TAF2,23.188,9
CIR1,23.135,9
C11orf73,23.12,10
ERCC6L,23.039,9
CLUH,22.938,10
RBM48,22.929,10
CWC25,22.917,10
EAF1,22.89,5
WDR5,22.888,4
CBLL1,22.827,9
EFNA3,22.827,5
PPP1R14B,22.816,10
MGAT1,22.771,5
MRPL48,22.771,4
ANKRD11,22.705,5
KANSL1,22.672,10
TLN1,22.667,5
DENR,22.644,9
FAM175A,22.625,10
RER1,22.625,8
SUMO1,22.625,4
LGALS9,22.589,4
COA5,22.563,10
CENPI,22.553,10
TIPIN,22.535,9
ANKRD49,22.528,10
C3orf38,22.528,10
CROCC,22.528,5
FKBPL,22.528,10
GRAP,22.528,8
ISYNA1,22.528,9
MED15,22.528,9
SERBP1,22.528,5
DNAJC8,22.495,5
AK6,22.471,4
C17orf96,22.406,10
COX8A,22.406,9
MRPL40,22.406,4
SLC35A2,22.406,9
KTI12,22.333,10
MRPS18C,22.318,10
MOB4,22.314,10
RPS6KB1,22.307,3
ORC3,22.275,9
EIF4B,22.25,9
FAM122A,22.25,10
KCNJ12,22.25,5
KIAA1143,22.25,10
RNF8,22.25,4
SAP130,22.25,9
SSR2,22.25,9
ZNF658,22.25,10
ZWILCH,22.25,9
MRPL54,22.213,10
ARHGAP29,22.208,9
VPS35,22.179,5
PPRC1,22.133,10
MRPL24,22.076,4
BCCIP,22.069,10
AK2,22.042,4
COQ7,22.042,10
EARS2,22.042,8
FAM98B,22.042,10
HYLS1,22.042,5
RANBP3,22.042,10
SETD1B,22.042,9
STIP1,22.042,9
TEAD4,22.042,9
VPS51,22.042,10
COX7B,21.989,10
DPY30,21.974,4
COMMD3,21.956,5
SPRR2G,21.943,5
EXOC4,21.909,5
UPK3BL,21.893,10
TDG,21.859,4
COX18,21.75,10
DPM1,21.75,9
GOSR1,21.75,9
MKRN1,21.75,10
MLX,21.75,7
PAG1,21.75,4
RBM7,21.75,10
YWHAG,21.75,5
SDHD,21.651,9
ZCRB1,21.638,10
NCOR1,21.625,4
TCP11X2,21.625,10
BET1,21.594,9
BRD8,21.586,9
RNF123,21.556,10
ZNF98,21.556,10
NIT2,21.545,5
DYRK1A,21.481,4
TMEM261,21.481,10
IDI1,21.473,4
UBQLN4,21.417,9
AZGP1,21.313,4
C21orf2,21.313,5
CLPB,21.313,10
DSCC1,21.313,10
ERCC1,21.313,9
MEAF6,21.313,10
MYSM1,21.313,5
NAIP,21.313,5
PAQR8,21.313,4
SLC35B2,21.313,9
SP110,21.313,9
UPF3B,21.313,4
YIPF3,21.313,6
ZNF148,21.313,9
GTF2H2,21.238,10
ARPP19,21.225,9
COX20,21.205,10
CD8B,21.114,4
SARNP,21.114,10
NDUFA1,21.086,1
CALM2,21.069,4
NARS2,21.069,10
CENPF,21,9
DET1,21,9
G3BP2,21,9
KIAA0391,21,9
PHF12,21,10
GOLGA6A,20.98,9
BNIP3,20.967,9
NAA25,20.953,10
ASH2L,20.926,9
UBR5,20.926,9
NDUFB6,20.907,1
ATP5SL,20.875,10
C17orf49,20.875,10
METTL15,20.875,10
OLA1,20.875,4
CNOT7,20.86,7
UQCRQ,20.844,9
ATP5I,20.837,10
LIMS1,20.766,6
AKAP9,20.75,5
ARHGAP35,20.75,4
FAM168A,20.75,10
MAPK8,20.75,2
MKLN1,20.75,10
PPP4R2,20.75,10
TSFM,20.75,9
ZNF486,20.75,5
BRI3,20.737,5
MRPL18,20.737,4
PTP4A1,20.707,5
MED7,20.707,9
DNAJB6,20.7,10
NAE1,20.693,4
ANP32A,20.583,9
APOBEC4,20.583,9
ARHGEF5,20.583,5
ARID4A,20.583,5
BOD1L1,20.583,10
BRD1,20.583,4
C1orf52,20.583,10
CEACAM6,20.583,5
DCUN1D1,20.583,10
DIP2B,20.583,5
DOT1L,20.583,2
DRAP1,20.583,9
EPG5,20.583,10
FAM96A,20.583,10
FANCB,20.583,9
HLA-A,20.583,5
HMGB1,20.583,4
HMGCLL1,20.583,10
IFNGR1,20.583,5
ITIH3,20.583,5
JPH1,20.583,6
KIF2A,20.583,9
MAPKAPK5,20.583,2
NBN,20.583,9
NCSTN,20.583,4
NSFL1C,20.583,5
PARL,20.583,9
PDSS2,20.583,10
PLEC,20.583,4
POLG,20.583,4
QTRT1,20.583,9
SERP1,20.583,6
SLC25A51,20.583,10
SLC30A9,20.583,6
SLK,20.583,4
SPIN2A,20.583,10
TIMM50,20.583,10
TPK1,20.583,5
USP15,20.583,4
WBP4,20.583,9
AP1S2,20.512,9
MRPS17,20.412,10
ALG8,20.375,9
KPNA4,20.375,5
MBTPS2,20.354,6
DPPA3,20.35,9
CYP3A43,20.318,1
MRPL42,20.318,4
NME1-NME2,20.318,4
PLAC9,20.318,4
TRAPPC13,20.303,10
GPR89A,20.299,9
VPS26A,20.276,5
FANCM,20.259,9
CSTF1,20.228,9
COX15,20.219,9
FAM104B,20.219,10
HNRNPF,20.219,10
RAB14,20.219,5
VDAC2,20.219,5
TMA16,20.211,10
PIGY,20.181,5
RFT1,20.147,6
TBL1XR1,20.03,9
ARNT,20,4
CHST8,20,9
ELF2,20,9
FAM83D,20,10
GTF2IRD2,20,10
KDM1A,20,4
RAB5C,20,4
RABIF,20,4
SLTM,20,9
SMARCC2,20,10
TBC1D10C,20,5
TNP1,20,9
TOX4,20,10
ZNF706,20,10
IGLON5,19.879,4
KIAA2013,19.854,6
RNF40,19.854,9
UBE2W,19.854,10
SCG5,19.816,6
BRWD1,19.75,9
NCOA6,19.75,9
TSEN15,19.75,9
RPL36AL,19.63,5
DMRTC1,19.611,10
NADK,19.611,6
SLBP,19.533,9
CERS2,19.523,9
IL6ST,19.523,4
KRT8,19.49,5
ARPC1A,19.417,5
GNG5,19.417,4
NDUFB5,19.417,1
CENPU,19.333,10
OXA1L,19.315,9
PSMF1,19.315,9
RFC1,19.31,5
RBM8A,19.305,4
RPAP3,19.292,10
NDUFA5,19.258,1
ACAP2,19.125,9
ACVR2A,19.125,4
BRAP,19.125,9
C1orf27,19.125,6
CCDC90B,19.125,10
CCNE2,19.125,7
CEND1,19.125,6
CEP57,19.125,9
DDRGK1,19.125,7
EBPL,19.125,7
EPN1,19.125,5
FERMT3,19.125,5
FKBP9,19.125,7
GATS,19.125,10
HPCAL1,19.125,5
KMT2B,19.125,10
LIPT1,19.125,9
LUC7L2,19.125,10
MAPK14,19.125,2
MDH2,19.125,4
NUCB2,19.125,4
NUDT16L1,19.125,10
PEX19,19.125,8
PIAS1,19.125,10
PIGW,19.125,9
PTP4A2,19.125,5
RNF24,19.125,10
TMED2,19.125,9
TMEM14B,19.125,6
VCPIP1,19.125,10
ZNF479,19.125,9
ZNF532,19.125,9
TRIM49D1,18.911,10
ALG6,18.833,9
GOT2,18.825,4
CUL1,18.823,5
EIF4E2,18.788,4
SUCLA2,18.76,5
THAP5,18.747,10
NBPF4,18.727,10
NUTM2F,18.727,10
ALG10,18.688,10
ANKRD36,18.688,10
ZRANB2,18.688,8
KRTAP5-11,18.664,10
EXOSC1,18.639,10
HLA-B,18.639,5
PCNP,18.639,9
UQCRB,18.578,9
VPS29,18.564,5
CCDC58,18.547,10
LLPH,18.525,10
KAT7,18.5,9
RAB28,18.5,4
RCN2,18.5,7
RHOF,18.5,4
SLC19A2,18.5,5
UBE2D4,18.5,10
ZNF705G,18.5,10
BMI1,18.434,9
MMGT1,18.434,8
LIN9,18.274,10
C6orf89,18.25,5
GNAQ,18.25,5
MSH2,18.25,5
NCF1,18.25,4
NT5DC1,18.25,10
PLG,18.25,1
RANBP9,18.25,4
TEKT4,18.25,10
EIF5AL1,18.217,10
PAIP1,18.153,10
RCN1,18.115,7
SSX4,18.115,9
EGR2,18.069,9
UCHL5,18.061,4
LCE2B,18.056,8
AQP7,18.031,5
CCDC38,18.031,9
DCTN1,18.031,9
MRPL30,18.031,4
ANP32B,17.974,5
ATP5G2,17.974,9
CA5A,17.932,1
CENPH,17.932,9
EPCAM,17.932,4
CBWD3,17.887,10
ARID5A,17.667,10
BCL10,17.667,5
CCDC152,17.667,10
CEBPD,17.667,9
DNAJC2,17.667,9
DPY19L4,17.667,6
E2F6,17.667,10
EIF4E3,17.667,10
FOCAD,17.667,6
GHITM,17.667,5
HRK,17.667,6
ICMT,17.667,7
LIN54,17.667,9
LYRM2,17.667,10
MTRF1,17.667,10
MYL6,17.667,5
NANP,17.667,10
NFKB1,17.667,5
NUBPL,17.667,5
PDCL3,17.667,9
PDPR,17.667,9
PGRMC1,17.667,5
PIN4,17.667,4
POMZP3,17.667,8
PPP2R3B,17.667,10
RAD52,17.667,9
RBM4,17.667,10
SELK,17.667,10
SMAD2,17.667,6
SMIM6,17.667,6
SOCS5,17.667,9
SPANXN2,17.667,10
SPEF2,17.667,10
TCEAL7,17.667,10
ZNF69,17.667,10
LYRM7,17.534,10
GSK3B,17.524,1
SUGT1,17.5,10
UBE2D2,17.424,4
GCSH,17.375,10
ITM2B,17.324,4
MINOS1,17.311,10
BRCA1,17.302,5
ZNF559,17.302,10
ADHFE1,17.25,9
CYFIP1,17.25,4
FABP5,17.25,4
FAM133B,17.25,10
PPHLN1,17.25,10
LSM14A,17.2,10
HMGN2,17.181,5
BTF3,17.156,9
CNOT2,17.136,5
PSG2,17.053,4
ZNF141,17.019,10
SLC9B1,16.958,5
ADH5,16.938,4
AGL,16.938,5
C11orf57,16.938,10
GATAD2A,16.938,9
HMGN4,16.938,10
HNRNPH3,16.938,10
MALL,16.938,5
MRPL1,16.938,9
NDUFB11,16.938,1
NDUFV2,16.938,1
PIFO,16.938,10
PPP6C,16.938,9
SFTA2,16.938,4
SPIC,16.938,9
SPTLC1,16.938,9
TBK1,16.938,4
TCEA1,16.938,9
TMX2,16.938,6
ZBTB41,16.938,10
ZNF729,16.938,10
ZNF143,16.85,9
KRTAP5-3,16.769,9
MRPL3,16.769,4
SMURF2,16.769,4
AKIRIN1,16.694,10
C5orf15,16.694,6
CEP135,16.694,10
PERP,16.694,5
HEPN1,16.652,10
APIP,16.625,10
RRP36,16.625,10
AZI2,16.5,10
CCDC144NL,16.5,10
DRG1,16.5,10
GLS,16.5,4
MFN1,16.5,9
PRDX4,16.5,4
TAF11,16.5,4
VDAC3,16.5,5
TVP23C-CDRT4,16.341,6
KRTAP5-1,16.285,9
ACAT1,16.208,4
CASP3,16.208,4
FAM86C1,16.208,10
KERA,16.208,5
NUP37,16.208,10
ODF1,16.208,10
SSX1,16.208,9
SSX2,16.208,9
AP3S1,16.096,10
TRMT11,16.096,10
MYL12A,16.053,5
AP3M1,16,9
BCAP29,16,4
CARS2,16,9
DAP,16,10
FKBP3,16,4
ZNF468,16,9
CEP70,15.917,10
AZIN1,15.844,8
CD9,15.844,4
RWDD4,15.844,10
TUBB2B,15.844,1
NOC3L,15.8,10
ZNF431,15.8,10
IFNL2,15.722,4
ANGPTL5,15.625,4
PPP3R1,15.625,6
KCTD9,15.545,9
C1D,15.479,9
COX19,15.406,10
PRAMEF22,15.375,10
UQCR11,15.375,10
DRD5,15.236,1
NME2,15.236,4
ATP5L2,15.223,10
FAM91A1,15.211,10
NCK1,15.211,4
FAM25A,15.13,10
LCE2D,14.958,8
AGAP6,14.953,10
PRAC1,14.949,10
ACER1,14.75,10
ADAM10,14.75,4
AGR3,14.75,7
APRT,14.75,4
ARPC5,14.75,5
ATP6V0D2,14.75,5
BMF,14.75,5
BMP8A,14.75,4
BTRC,14.75,9
C6orf62,14.75,10
CABIN1,14.75,9
CCDC137,14.75,10
CCDC179,14.75,10
CCDC9,14.75,10
CCNT2,14.75,5
CETN3,14.75,9
CNGA1,14.75,5
CNN2,14.75,5
CNOT6L,14.75,4
COQ5,14.75,10
COX16,14.75,10
COX7A2,14.75,5
CSTA,14.75,5
DCUN1D5,14.75,10
DDX50,14.75,5
DEFB106B,14.75,6
DHCR24,14.75,9
DLAT,14.75,4
EFHD2,14.75,6
EXOC7,14.75,4
FAM133A,14.75,10
FAM200B,14.75,10
FKBP8,14.75,8
FRG2C,14.75,10
GUCA1C,14.75,5
HN1,14.75,10
IL18,14.75,4
KRTAP19-6,14.75,10
KRTAP4-8,14.75,10
LIG4,14.75,5
MAGEA2,14.75,10
NCOA4,14.75,4
NFE2L3,14.75,9
NISCH,14.75,5
NUCKS1,14.75,9
PEAR1,14.75,4
PGBD3,14.75,9
PHF10,14.75,10
PIGH,14.75,10
PPP2R1B,14.75,5
PPP2R5C,14.75,5
PRDX2,14.75,5
PRKACG,14.75,3
PSMB11,14.75,7
PZP,14.75,5
RAB11A,14.75,4
RHOG,14.75,4
RNF128,14.75,9
RNF145,14.75,6
S100A10,14.75,5
SLC25A33,14.75,9
SPANXA2,14.75,10
SPDYE1,14.75,10
SRSF5,14.75,9
SUB1,14.75,5
TRIM9,14.75,10
TWF1,14.75,8
UBE2Q2,14.75,4
UBE3A,14.75,4
UGT2B15,14.75,7
VNN2,14.75,4
WASL,14.75,5
WNT6,14.75,5
ZNF429,14.75,10
ZNF519,14.75,10
ZNF91,14.75,10
ZYX,14.75,5